{"cameraMode":{"drawMode":0,"name":"Shaded","section":"Shading Mode"},"sceneLighting":true,"audioPlay":false,"sceneViewState":{"m_AlwaysRefresh":false,"showFog":true,"showSkybox":true,"showFlares":true,"showImageEffects":true,"showParticleSystems":true,"showVisualEffectGraphs":true,"m_FxEnabled":true},"in2DMode":false,"pivot":{"x":-251.60336303710938,"y":-26.75041961669922,"z":1.2923774719238282},"rotation":{"x":-0.311534583568573,"y":-0.0037084254436194898,"z":0.0012162239290773869,"w":-0.9502286314964294},"size":44.47937774658203,"orthographic":false}