{"cameraMode":{"drawMode":0,"name":"Shaded","section":"Shading Mode"},"sceneLighting":true,"audioPlay":false,"sceneViewState":{"m_AlwaysRefresh":false,"showFog":true,"showSkybox":true,"showFlares":true,"showImageEffects":true,"showParticleSystems":true,"showVisualEffectGraphs":true,"m_FxEnabled":true},"in2DMode":false,"pivot":{"x":-174.31822204589845,"y":-5.900517463684082,"z":58.08014678955078},"rotation":{"x":-0.08270275592803955,"y":-0.017347440123558046,"z":0.0014376379549503327,"w":-0.9964234828948975},"size":85.17420959472656,"orthographic":false}