{"cameraMode":{"drawMode":0,"name":"Shaded","section":"Shading Mode"},"sceneLighting":true,"audioPlay":false,"sceneViewState":{"m_AlwaysRefresh":false,"showFog":true,"showSkybox":true,"showFlares":true,"showImageEffects":true,"showParticleSystems":true,"showVisualEffectGraphs":true,"m_FxEnabled":true},"in2DMode":false,"pivot":{"x":251.60491943359376,"y":-290.3919372558594,"z":10.408235549926758},"rotation":{"x":0.13170941174030305,"y":-0.01340802013874054,"z":0.004274323582649231,"w":0.9911928772926331},"size":14.299382209777832,"orthographic":false}