{"cameraMode":{"drawMode":0,"name":"Shaded","section":"Shading Mode"},"sceneLighting":true,"audioPlay":false,"sceneViewState":{"m_AlwaysRefresh":false,"showFog":true,"showSkybox":true,"showFlares":true,"showImageEffects":true,"showParticleSystems":true,"showVisualEffectGraphs":true,"m_FxEnabled":true},"in2DMode":false,"pivot":{"x":178.40933227539063,"y":-98.95697021484375,"z":23.996429443359376},"rotation":{"x":0.29936906695365908,"y":0.019290968775749208,"z":-0.006094956770539284,"w":0.9539238214492798},"size":104.29950714111328,"orthographic":false}