{"cameraMode":{"drawMode":0,"name":"Shaded","section":"Shading Mode"},"sceneLighting":true,"audioPlay":false,"sceneViewState":{"m_AlwaysRefresh":false,"showFog":true,"showSkybox":true,"showFlares":true,"showImageEffects":true,"showParticleSystems":true,"showVisualEffectGraphs":true,"m_FxEnabled":true},"in2DMode":false,"pivot":{"x":135.53909301757813,"y":-15.694833755493164,"z":8.00225830078125},"rotation":{"x":0.18763647973537446,"y":-0.003331301035359502,"z":0.000618076475802809,"w":0.9822361469268799},"size":29.632572174072267,"orthographic":false}