{"cameraMode":{"drawMode":0,"name":"Shaded","section":"Shading Mode"},"sceneLighting":true,"audioPlay":false,"sceneViewState":{"m_AlwaysRefresh":false,"showFog":true,"showSkybox":true,"showFlares":true,"showImageEffects":true,"showParticleSystems":true,"showVisualEffectGraphs":true,"m_FxEnabled":true},"in2DMode":false,"pivot":{"x":14.673625946044922,"y":-3.5437660217285158,"z":10.526501655578614},"rotation":{"x":0.16190849244594575,"y":0.25296759605407717,"z":-0.042983055114746097,"w":0.9528651237487793},"size":16.069238662719728,"orthographic":false}