{"cameraMode":{"drawMode":0,"name":"Shaded","section":"Shading Mode"},"sceneLighting":true,"audioPlay":false,"sceneViewState":{"m_AlwaysRefresh":false,"showFog":true,"showSkybox":true,"showFlares":true,"showImageEffects":true,"showParticleSystems":true,"showVisualEffectGraphs":true,"m_FxEnabled":true},"in2DMode":false,"pivot":{"x":147.5665740966797,"y":-78.42314147949219,"z":-21.739686965942384},"rotation":{"x":0.42943528294563296,"y":0.004643854685127735,"z":-0.0022130676079541446,"w":0.9030932784080505},"size":5.6561150550842289,"orthographic":false}